commons_pageid	commons_title
98827431	File:HUI 75 I 1.1.pdf
98854826	File:HUI 75 I 1.2.pdf
98856171	File:HUI 75 I 1.3.pdf
98849761	File:HUI 75 I 10.1.pdf
98829723	File:HUI 75 I 11.1.pdf
98827131	File:HUI 75 I 12.pdf
98855144	File:HUI 75 I 13.pdf
98849865	File:HUI 75 I 2.pdf
98855483	File:HUI 75 I 3.1.pdf
98854545	File:HUI 75 I 3.2.pdf
98850406	File:HUI 75 I 3.3.pdf
98854910	File:HUI 75 I 4.pdf
98825591	File:HUI 75 I 5.pdf
98847634	File:HUI 75 I 6.pdf
98854713	File:HUI 75 I 7.pdf
98827352	File:HUI 75 I 8.pdf
98848810	File:HUI 75 I 9.pdf
98849663	File:HUI 75 II 1.pdf
98853884	File:HUI 75 II 10.1.pdf
98825902	File:HUI 75 II 10.2.pdf
98828100	File:HUI 75 II 10.3.pdf
98826419	File:HUI 75 II 2.pdf
98827272	File:HUI 75 II 3.pdf
98850464	File:HUI 75 II 4.pdf
98847960	File:HUI 75 II 5.pdf
98851183	File:HUI 75 II 6.1.pdf
98851661	File:HUI 75 II 6.2.pdf
98855869	File:HUI 75 II 7.pdf
98850980	File:HUI 75 II 8.1.pdf
98826251	File:HUI 75 II 8.3.pdf
98851865	File:HUI 75 II 9.pdf
98828058	File:HUI 75 III 1.pdf
98850948	File:HUI 75 III 2.pdf
98851302	File:HUI 75 III 3.pdf
98855933	File:HUI 75 III 4.1.pdf
98855418	File:HUI 75 III 4.2.pdf
98854492	File:HUI 75 III 4.3.pdf
98847680	File:HUI 75 III 4.4.pdf
98855227	File:HUI 75 III 4.5.pdf
98850243	File:HUI 75 III 4.6.pdf
98848901	File:HUI 75 III 5.1.pdf
98850360	File:HUI 75 III 5.2.pdf
98848017	File:HUI 75 III 6.pdf
98855009	File:HUI 75 III 7.pdf
98856490	File:HUI 75 III 8.1.pdf
98848093	File:HUI 75 III 8.2.pdf
98827391	File:HUI 75 III 8.3.pdf
98854017	File:HUI 75 III 9.1.pdf
98851119	File:HUI 75 III 9.2.pdf
98855530	File:HUI 75 III 9.3.pdf
98827240	File:HUI 75 IV 1.pdf
98856463	File:HUI 75 IV 10.pdf
98831574	File:HUI 75 IV 11.1.pdf
98829310	File:HUI 75 IV 11.2.pdf
98851723	File:HUI 75 IV 11.3.pdf
98850471	File:HUI 75 IV 11.4.pdf
98830405	File:HUI 75 IV 11.5.pdf
98847658	File:HUI 75 IV 11.6.pdf
98851215	File:HUI 75 IV 11.7.pdf
98851705	File:HUI 75 IV 12.pdf
98848207	File:HUI 75 IV 13.pdf
98826269	File:HUI 75 IV 14.pdf
98856522	File:HUI 75 IV 15.pdf
98826503	File:HUI 75 IV 16.pdf
98855287	File:HUI 75 IV 17.pdf
98849188	File:HUI 75 IV 18.pdf
98851520	File:HUI 75 IV 19.pdf
98847545	File:HUI 75 IV 2.pdf
98855667	File:HUI 75 IV 20.pdf
98856218	File:HUI 75 IV 21.1.pdf
98853345	File:HUI 75 IV 21.2.pdf
98849713	File:HUI 75 IV 21.3.pdf
98827534	File:HUI 75 IV 21.4.pdf
98856100	File:HUI 75 IV 21.5.pdf
98848190	File:HUI 75 IV 3.pdf
98855078	File:HUI 75 IV 4.pdf
98829518	File:HUI 75 IV 5.pdf
98854662	File:HUI 75 IV 6.1.pdf
98855322	File:HUI 75 IV 7.pdf
98851768	File:HUI 75 IV 8.pdf
98827093	File:HUI 75 IV 9.pdf
