pdf_page,ocr_page_id,state,archival_unit,notes
1,chunk_002:p0001,final_checked,opening_blank,
2,chunk_002:p0002,text_checked,Zelandensia_mounted_slips,
3,chunk_002:p0003,text_checked,Zelandensia_mounted_slips,
4,chunk_002:p0004,text_checked,Zelandensia_mounted_slips,
5,chunk_002:p0005,final_checked,Zelandensia_mounted_slips,
6,chunk_002:p0006,text_checked,Zelandensia_mounted_slips,
7,chunk_002:p0007,text_checked,Zelandensia_mounted_slips,
8,chunk_002:p0008,text_checked,Zelandensia_mounted_slips,
9,chunk_002:p0009,text_checked,Zelandensia_mounted_slips,
10,chunk_002:p0010,text_checked,Zelandensia_mounted_slips,
11,chunk_002:p0011,final_checked,Salimbene_cover,
12,chunk_002:p0012,text_checked,Salimbene_packet,
13,chunk_002:p0013,text_checked,Salimbene_packet,
14,chunk_002:p0014,text_checked,Salimbene_packet,
15,chunk_002:p0015,final_checked,Salimbene_packet,
16,chunk_002:p0016,final_checked,Salimbene_packet,
17,chunk_002:p0017,text_checked,Salimbene_packet,
18,chunk_002:p0018,text_checked,Salimbene_packet,
19,chunk_002:p0019,text_checked,Salimbene_packet,
20,chunk_002:p0020,text_checked,Salimbene_packet,
21,chunk_002:p0021,text_checked,Salimbene_packet,
22,chunk_002:p0022,text_checked,Salimbene_packet,
23,chunk_002:p0023,text_checked,Salimbene_packet,
24,chunk_002:p0024,final_checked,Florence_cover,
25,chunk_002:p0025,text_checked,Florence_XIII_XV,
26,chunk_002:p0026,text_checked,Florence_XIII_XV,
27,chunk_002:p0027,text_checked,Florence_XIII_XV,
28,chunk_002:p0028,text_checked,Florence_XIII_XV,
29,chunk_002:p0029,text_checked,Florence_XIII_XV,
30,chunk_002:p0030,text_checked,Florence_XIII_XV,crosswalk_exception_001: OCR p0030 merges physical p30+p31; OCR p0031 nearly empty
31,chunk_002:p0031,text_checked,Florence_XIII_XV,crosswalk_exception_001: OCR p0030 merges physical p30+p31; OCR p0031 nearly empty
32,chunk_002:p0032,text_checked,Florence_XIII_XV,capture_overlap_A: same left Latin leaf repeated across adjacent spread captures
33,chunk_002:p0033,text_checked,Florence_XIII_XV,capture_overlap_A: same left Latin leaf repeated across adjacent spread captures
34,chunk_002:p0034,text_checked,Florence_XIII_XV,
35,chunk_002:p0035,text_checked,Florence_XIII_XV,
36,chunk_002:p0036,text_checked,Florence_XIII_XV,capture_overlap_B: same left Latin leaf repeated across adjacent spread captures
37,chunk_002:p0037,text_checked,Florence_XIII_XV,capture_overlap_B: same left Latin leaf repeated across adjacent spread captures
38,chunk_002:p0038,text_checked,Florence_XIII_XV,
39,chunk_002:p0039,text_checked,Florence_XIII_XV,
40,chunk_002:p0040,text_checked,Florence_XIII_XV,
41,chunk_002:p0041,text_checked,Florence_XIII_XV,
42,chunk_002:p0042,text_checked,Florence_XIII_XV,
43,chunk_002:p0043,text_checked,Florence_XIII_XV,
44,chunk_002:p0044,text_checked,Florence_XIII_XV,
45,chunk_002:p0045,text_checked,Florence_XIII_XV,
46,chunk_002:p0046,text_checked,Florence_XIII_XV,
47,chunk_002:p0047,text_checked,Florence_XIII_XV,
48,chunk_002:p0048,final_checked,Florence_blank,
49,chunk_002:p0049,final_checked,Trois_esprits_cover,
50,chunk_002:p0050,text_checked,Paris_1930_proem,
51,chunk_002:p0051,text_checked,Paris_1930_proem,
52,chunk_002:p0052,text_checked,Paris_1930_proem,
53,chunk_002:p0053,final_checked,Paris_1930_blank,
54,chunk_002:p0054,text_checked,Paris_1930_framing_Haskins,
55,chunk_002:p0055,text_checked,Paris_1930_framing_Haskins,
56,chunk_002:p0056,text_checked,Paris_1930_framing_Haskins,
57,chunk_002:p0057,text_checked,Paris_1930_framing_Haskins,
58,chunk_002:p0058,text_checked,Paris_1930_framing_Haskins,
59,chunk_002:p0059,text_checked,Paris_1930_framing_Haskins,
60,chunk_002:p0060,text_checked,Paris_1930_framing_Haskins,
61,chunk_002:p0061,text_checked,Paris_1930_framing_Haskins,
62,chunk_002:p0062,text_checked,Paris_1930_framing_Haskins,
63,chunk_002:p0063,text_checked,Paris_1930_framing_Haskins,
64,chunk_002:p0064,text_checked,Paris_1930_framing_Haskins,
65,chunk_002:p0065,text_checked,Paris_1930_framing_Haskins,
66,chunk_002:p0066,text_checked,Paris_1930_framing_Haskins,
67,chunk_002:p0067,text_checked,Paris_1930_framing_Haskins,
68,chunk_002:p0068,text_checked,Paris_1930_framing_Haskins,
69,chunk_002:p0069,text_checked,Paris_1930_framing_Haskins,
70,chunk_002:p0070,text_checked,Paris_1930_Abelard,
71,chunk_002:p0071,text_checked,Paris_1930_Abelard,
72,chunk_002:p0072,text_checked,Paris_1930_Abelard,
73,chunk_002:p0073,text_checked,Paris_1930_Abelard,
74,chunk_002:p0074,text_checked,Paris_1930_Abelard,
75,chunk_002:p0075,text_checked,Paris_1930_Abelard,
76,chunk_002:p0076,text_checked,Paris_1930_Abelard,
77,chunk_002:p0077,text_checked,Paris_1930_Abelard,
78,chunk_002:p0078,text_checked,Paris_1930_Abelard,
79,chunk_002:p0079,text_checked,Paris_1930_Abelard,
80,chunk_002:p0080,text_checked,Paris_1930_Abelard,
81,chunk_002:p0081,text_checked,Paris_1930_Abelard,
82,chunk_002:p0082,text_checked,Paris_1930_Abelard,
83,chunk_002:p0083,text_checked,Paris_1930_Abelard,
84,chunk_002:p0084,text_checked,Paris_1930_Abelard,
85,chunk_002:p0085,text_checked,Paris_1930_Abelard,
86,chunk_002:p0086,text_checked,Paris_1930_Abelard,
87,chunk_002:p0087,text_checked,Paris_1930_Abelard,
88,chunk_002:p0088,text_checked,Paris_1930_Abelard,
89,chunk_002:p0089,text_checked,Paris_1930_Abelard,
90,chunk_002:p0090,text_checked,Paris_1930_Abelard,
91,chunk_002:p0091,text_checked,Paris_1930_Abelard,
92,chunk_002:p0092,text_checked,Paris_1930_Abelard,
93,chunk_002:p0093,text_checked,Paris_1930_Abelard,
94,chunk_002:p0094,text_checked,Paris_1930_Abelard,
95,chunk_002:p0095,text_checked,Paris_1930_Abelard,
96,chunk_002:p0096,final_checked,Paris_1930_blank,
97,chunk_002:p0097,text_checked,Paris_1930_Jean_de_Salisbury,
98,chunk_002:p0098,text_checked,Paris_1930_Jean_de_Salisbury,severe_OCR_failure; image authoritative
99,chunk_002:p0099,text_checked,Paris_1930_Jean_de_Salisbury,
100,chunk_002:p0100,text_checked,Paris_1930_Jean_de_Salisbury,
101,chunk_002:p0101,text_checked,Paris_1930_Jean_de_Salisbury,
102,chunk_002:p0102,text_checked,Paris_1930_Jean_de_Salisbury,
103,chunk_002:p0103,text_checked,Paris_1930_Jean_de_Salisbury,
104,chunk_002:p0104,text_checked,Paris_1930_Jean_de_Salisbury,
105,chunk_002:p0105,text_checked,Paris_1930_Jean_de_Salisbury,
106,chunk_002:p0106,text_checked,Paris_1930_Jean_de_Salisbury,
107,chunk_002:p0107,text_checked,Paris_1930_Jean_de_Salisbury,
108,chunk_002:p0108,text_checked,Paris_1930_Jean_de_Salisbury,
109,chunk_002:p0109,text_checked,Paris_1930_Jean_de_Salisbury,
110,chunk_002:p0110,text_checked,Paris_1930_Jean_de_Salisbury,
111,chunk_002:p0111,text_checked,Paris_1930_Jean_de_Salisbury,
112,chunk_002:p0112,text_checked,Paris_1930_Jean_de_Salisbury,
113,chunk_002:p0113,text_checked,Paris_1930_Jean_de_Salisbury,
114,chunk_002:p0114,text_checked,Paris_1930_Jean_de_Salisbury,
115,chunk_002:p0115,text_checked,Paris_1930_Jean_de_Salisbury,
116,chunk_002:p0116,text_checked,Paris_1930_Jean_de_Salisbury,
117,chunk_002:p0117,text_checked,Paris_1930_Jean_de_Salisbury,
118,chunk_002:p0118,text_checked,Paris_1930_Jean_de_Salisbury,
119,chunk_002:p0119,text_checked,Paris_1930_Jean_de_Salisbury,
120,chunk_002:p0120,text_checked,Paris_1930_Jean_de_Salisbury,
121,chunk_002:p0121,text_checked,Paris_1930_Jean_de_Salisbury,
122,chunk_002:p0122,text_checked,Paris_1930_Jean_de_Salisbury,
123,chunk_002:p0123,text_checked,Paris_1930_Jean_de_Salisbury,
124,chunk_002:p0124,text_checked,Paris_1930_Jean_de_Salisbury,
125,chunk_002:p0125,text_checked,Paris_1930_Jean_de_Salisbury,
126,chunk_002:p0126,text_checked,Paris_1930_Jean_de_Salisbury,
127,chunk_002:p0127,text_checked,Paris_1930_Jean_de_Salisbury,
128,chunk_002:p0128,text_checked,Paris_1930_Jean_de_Salisbury,
129,chunk_002:p0129,text_checked,Paris_1930_Jean_de_Salisbury,
130,chunk_002:p0130,text_checked,Paris_1930_Jean_de_Salisbury,
131,chunk_002:p0131,text_checked,Paris_1930_Jean_de_Salisbury,
132,chunk_002:p0132,text_checked,Paris_1930_Jean_de_Salisbury,
133,chunk_002:p0133,text_checked,Paris_1930_Jean_de_Salisbury,
134,chunk_002:p0134,text_checked,Paris_1930_Jean_de_Salisbury,
135,chunk_002:p0135,text_checked,Paris_1930_Jean_de_Salisbury,
136,chunk_002:p0136,text_checked,Paris_1930_Jean_de_Salisbury,
137,chunk_002:p0137,final_checked,Paris_1930_blank,
138,chunk_002:p0138,text_checked,Alain_source_apparatus,
139,chunk_002:p0139,text_checked,Alain_source_apparatus,
140,chunk_002:p0140,text_checked,Alain_source_apparatus,
141,chunk_002:p0141,text_checked,Alain_source_apparatus,
142,chunk_002:p0142,text_checked,Alain_source_apparatus,
143,chunk_002:p0143,text_checked,Alain_source_apparatus,
144,chunk_002:p0144,text_checked,Paris_1930_Alain_de_Lille,
145,chunk_002:p0145,text_checked,Paris_1930_Alain_de_Lille,
146,chunk_002:p0146,text_checked,Paris_1930_Alain_de_Lille,
147,chunk_002:p0147,text_checked,Paris_1930_Alain_de_Lille,
148,chunk_002:p0148,text_checked,Paris_1930_Alain_de_Lille,
149,chunk_002:p0149,text_checked,Paris_1930_Alain_de_Lille,
150,chunk_002:p0150,text_checked,Paris_1930_Alain_de_Lille,
151,chunk_002:p0151,text_checked,Paris_1930_Alain_de_Lille,
152,chunk_002:p0152,text_checked,Paris_1930_Alain_de_Lille,
153,chunk_002:p0153,text_checked,Paris_1930_Alain_de_Lille,
154,chunk_002:p0154,text_checked,Paris_1930_Alain_de_Lille,
155,chunk_002:p0155,text_checked,Paris_1930_Alain_de_Lille,
156,chunk_002:p0156,text_checked,Paris_1930_Alain_de_Lille,
157,chunk_002:p0157,text_checked,Paris_1930_Alain_de_Lille,
158,chunk_002:p0158,text_checked,Paris_1930_Alain_de_Lille,
159,chunk_002:p0159,text_checked,Paris_1930_Alain_de_Lille,
160,chunk_002:p0160,text_checked,Paris_1930_Alain_de_Lille,
161,chunk_002:p0161,text_checked,Paris_1930_Alain_de_Lille,
162,chunk_002:p0162,text_checked,Paris_1930_Alain_de_Lille,
163,chunk_002:p0163,text_checked,Paris_1930_Alain_de_Lille,
164,chunk_002:p0164,text_checked,Paris_1930_Alain_de_Lille,
165,chunk_002:p0165,text_checked,Paris_1930_Alain_de_Lille,
166,chunk_002:p0166,text_checked,Paris_1930_Alain_de_Lille,
167,chunk_002:p0167,text_checked,Paris_1930_Alain_de_Lille,
168,chunk_002:p0168,text_checked,Paris_1930_Alain_de_Lille,
169,chunk_002:p0169,text_checked,Paris_1930_Alain_de_Lille,
170,chunk_002:p0170,text_checked,Paris_1930_Alain_de_Lille,
171,chunk_002:p0171,text_checked,Paris_1930_Alain_de_Lille,
172,chunk_002:p0172,text_checked,Paris_1930_Alain_de_Lille,
173,chunk_002:p0173,text_checked,Paris_1930_Alain_de_Lille,
174,chunk_002:p0174,final_checked,Paris_1930_blank_end,
175,chunk_002:p0175,final_checked,Paris_1930_blank_end,
176,chunk_002:p0176,text_checked,Abelard_Bernard_Berengar_cards,
177,chunk_002:p0177,text_checked,Abelard_Bernard_Berengar_cards,
178,chunk_002:p0178,text_checked,Abelard_Bernard_Berengar_cards,
179,chunk_002:p0179,text_checked,Abelard_Bernard_Berengar_cards,
180,chunk_002:p0180,text_checked,Abelard_Bernard_Berengar_cards,
181,chunk_002:p0181,text_checked,Abelard_Bernard_Berengar_cards,
182,chunk_002:p0182,text_checked,Abelard_Bernard_Berengar_cards,
183,chunk_002:p0183,text_checked,Abelard_Bernard_Berengar_cards,
