page_span	ocr_signal	class	segment	flags
p0121	raw_ocr_present_not_semantically_proofread	high-noise-layout-risk	p0121-p0160	visual_checked;mounted_slip_or_composite_layout;reading_order_risk;small_source_regions;dark_mounting_board
p0122	raw_ocr_present_not_semantically_proofread	blank-no-substantive-visual	p0121-p0160	visual_checked;visual_blank_or_no_substantive
p0123	raw_ocr_present_not_semantically_proofread	high-noise-layout-risk	p0121-p0160	visual_checked;mounted_slip_or_composite_layout;reading_order_risk;small_source_regions;dark_mounting_board
p0124	raw_ocr_present_not_semantically_proofread	high-noise-layout-risk	p0121-p0160	visual_checked;mounted_slip_or_composite_layout;reading_order_risk;small_source_regions;dark_mounting_board
p0125	raw_ocr_present_not_semantically_proofread	high-noise-layout-risk	p0121-p0160	visual_checked;mounted_slip_or_composite_layout;reading_order_risk;small_source_regions;dark_mounting_board
p0126	raw_ocr_present_not_semantically_proofread	short-text-or-nontext	p0121-p0160	visual_checked;sparse_source_regions;short_text_or_nontext_control
p0127	raw_ocr_present_not_semantically_proofread	blank-no-substantive-visual	p0121-p0160	visual_checked;visual_blank_or_no_substantive
p0128	raw_ocr_present_not_semantically_proofread	high-noise-layout-risk	p0121-p0160	visual_checked;mounted_slip_or_composite_layout;reading_order_risk;small_source_regions;dark_mounting_board
p0129	raw_ocr_present_not_semantically_proofread	high-noise-layout-risk	p0121-p0160	visual_checked;mounted_slip_or_composite_layout;reading_order_risk;small_source_regions;dark_mounting_board
p0130	raw_ocr_present_not_semantically_proofread	high-noise-layout-risk	p0121-p0160	visual_checked;mounted_slip_or_composite_layout;reading_order_risk;small_source_regions;dark_mounting_board
p0131	raw_ocr_present_not_semantically_proofread	blank-no-substantive-visual	p0121-p0160	visual_checked;visual_blank_or_no_substantive
p0132	raw_ocr_present_not_semantically_proofread	high-noise-layout-risk	p0121-p0160	visual_checked;mounted_slip_or_composite_layout;reading_order_risk;small_source_regions;dark_mounting_board
p0133	raw_ocr_present_not_semantically_proofread	high-noise-layout-risk	p0121-p0160	visual_checked;mounted_slip_or_composite_layout;reading_order_risk;small_source_regions;dark_mounting_board
p0134	raw_ocr_present_not_semantically_proofread	blank-no-substantive-visual	p0121-p0160	visual_checked;visual_blank_or_no_substantive
p0135	raw_ocr_present_not_semantically_proofread	high-noise-layout-risk	p0121-p0160	visual_checked;mounted_slip_or_composite_layout;reading_order_risk;small_source_regions;dark_mounting_board
p0136	raw_ocr_present_not_semantically_proofread	high-noise-layout-risk	p0121-p0160	visual_checked;mounted_slip_or_composite_layout;reading_order_risk;small_source_regions;dark_mounting_board
p0137	raw_ocr_present_not_semantically_proofread	short-text-or-nontext	p0121-p0160	visual_checked;sparse_source_regions;short_text_or_nontext_control
p0138	raw_ocr_present_not_semantically_proofread	blank-no-substantive-visual	p0121-p0160	visual_checked;visual_blank_or_no_substantive
p0139	raw_ocr_present_not_semantically_proofread	short-text-or-nontext	p0121-p0160	visual_checked;sparse_source_regions;short_text_or_nontext_control
p0140	raw_ocr_present_not_semantically_proofread	short-text-or-nontext	p0121-p0160	visual_checked;sparse_source_regions;short_text_or_nontext_control
p0141	raw_ocr_present_not_semantically_proofread	blank-no-substantive-visual	p0121-p0160	visual_checked;visual_blank_or_no_substantive
p0142	raw_ocr_present_not_semantically_proofread	short-text-or-nontext	p0121-p0160	visual_checked;sparse_source_regions;short_text_or_nontext_control
p0143	raw_ocr_present_not_semantically_proofread	high-noise-layout-risk	p0121-p0160	visual_checked;mounted_slip_or_composite_layout;reading_order_risk;small_source_regions;dark_mounting_board
p0144	raw_ocr_present_not_semantically_proofread	high-noise-layout-risk	p0121-p0160	visual_checked;mounted_slip_or_composite_layout;reading_order_risk;small_source_regions;dark_mounting_board
p0145	raw_ocr_present_not_semantically_proofread	high-noise-layout-risk	p0121-p0160	visual_checked;mounted_slip_or_composite_layout;reading_order_risk;small_source_regions;dark_mounting_board
p0146	raw_ocr_present_not_semantically_proofread	high-noise-layout-risk	p0121-p0160	visual_checked;mounted_slip_or_composite_layout;reading_order_risk;small_source_regions;dark_mounting_board
p0147	raw_ocr_present_not_semantically_proofread	high-noise-layout-risk	p0121-p0160	visual_checked;mounted_slip_or_composite_layout;reading_order_risk;small_source_regions;dark_mounting_board
p0148	raw_ocr_present_not_semantically_proofread	high-noise-layout-risk	p0121-p0160	visual_checked;mounted_slip_or_composite_layout;reading_order_risk;small_source_regions;dark_mounting_board
p0149	raw_ocr_present_not_semantically_proofread	high-noise-layout-risk	p0121-p0160	visual_checked;mounted_slip_or_composite_layout;reading_order_risk;small_source_regions;dark_mounting_board
p0150	raw_ocr_present_not_semantically_proofread	blank-no-substantive-visual	p0121-p0160	visual_checked;visual_blank_or_no_substantive
p0151	raw_ocr_present_not_semantically_proofread	high-noise-layout-risk	p0121-p0160	visual_checked;mounted_slip_or_composite_layout;reading_order_risk;small_source_regions;dark_mounting_board
p0152	raw_ocr_present_not_semantically_proofread	high-noise-layout-risk	p0121-p0160	visual_checked;mounted_slip_or_composite_layout;reading_order_risk;small_source_regions;dark_mounting_board
p0153	raw_ocr_present_not_semantically_proofread	high-noise-layout-risk	p0121-p0160	visual_checked;mounted_slip_or_composite_layout;reading_order_risk;small_source_regions;dark_mounting_board
p0154	raw_ocr_present_not_semantically_proofread	blank-no-substantive-visual	p0121-p0160	visual_checked;visual_blank_or_no_substantive
p0155	raw_ocr_present_not_semantically_proofread	high-noise-layout-risk	p0121-p0160	visual_checked;mounted_slip_or_composite_layout;reading_order_risk;small_source_regions;dark_mounting_board
p0156	raw_ocr_present_not_semantically_proofread	high-noise-layout-risk	p0121-p0160	visual_checked;mounted_slip_or_composite_layout;reading_order_risk;small_source_regions;dark_mounting_board
p0157	raw_ocr_present_not_semantically_proofread	high-noise-layout-risk	p0121-p0160	visual_checked;mounted_slip_or_composite_layout;reading_order_risk;small_source_regions;dark_mounting_board
p0158	raw_ocr_present_not_semantically_proofread	blank-no-substantive-visual	p0121-p0160	visual_checked;visual_blank_or_no_substantive
p0159	raw_ocr_present_not_semantically_proofread	high-noise-layout-risk	p0121-p0160	visual_checked;mounted_slip_or_composite_layout;reading_order_risk;small_source_regions;dark_mounting_board
p0160	raw_ocr_present_not_semantically_proofread	high-noise-layout-risk	p0121-p0160	visual_checked;mounted_slip_or_composite_layout;reading_order_risk;small_source_regions;dark_mounting_board
